urban_rural,adults,he_strict,he_strict_share_pct,he_broad,he_broad_share_pct
Urban,536008,123908,23.116819151952956,201652,37.62108028238384
Rural,1088189,172845,15.883729756503696,304940,28.022705614557765
